{"v":"5.5.9","fr":30,"ip":25,"op":61,"w":500,"h":500,"nm":"project1","ddd":0,"assets":[],"layers":[{"ddd":0,"ind":1,"ty":4,"nm":"Shape Layer 3","sr":1,"ks":{"o":{"a":0,"k":100,"ix":11},"r":{"a":0,"k":34,"ix":10},"p":{"a":0,"k":[248,262,0],"ix":2},"a":{"a":0,"k":[-2,12,0],"ix":1},"s":{"a":0,"k":[100,100,100],"ix":6}},"ao":0,"shapes":[{"ty":"gr","it":[{"d":1,"ty":"el","s":{"a":0,"k":[14,14],"ix":2},"p":{"a":1,"k":[{"i":{"x":0.667,"y":1},"o":{"x":0.167,"y":0.167},"t":33,"s":[0,37],"to":[0,0],"ti":[0,0]},{"i":{"x":0.143,"y":1},"o":{"x":0.333,"y":0},"t":51,"s":[0,33.235],"to":[0,0],"ti":[0,0]},{"i":{"x":0.833,"y":0.833},"o":{"x":0.922,"y":0.031},"t":72,"s":[0,176],"to":[0,0],"ti":[0,0]},{"t":98,"s":[0,18]}],"ix":3},"nm":"Ellipse Path 1","mn":"ADBE Vector Shape - Ellipse","hd":false},{"ty":"fl","c":{"a":0,"k":[0,0,0,1],"ix":4},"o":{"a":0,"k":100,"ix":5},"r":1,"bm":0,"nm":"Fill 1","mn":"ADBE Vector Graphic - Fill","hd":false},{"ty":"rp","c":{"a":0,"k":12,"ix":1},"o":{"a":0,"k":0,"ix":2},"m":1,"ix":4,"tr":{"ty":"tr","p":{"a":0,"k":[0,0],"ix":2},"a":{"a":0,"k":[0,0],"ix":1},"s":{"a":0,"k":[100,100],"ix":3},"r":{"a":0,"k":30,"ix":4},"so":{"a":0,"k":100,"ix":5},"eo":{"a":0,"k":100,"ix":6},"nm":"Transform"},"nm":"Repeater 1","mn":"ADBE Vector Filter - Repeater","hd":false},{"ty":"tr","p":{"a":0,"k":[0,8],"ix":2},"a":{"a":0,"k":[0,0],"ix":1},"s":{"a":0,"k":[100,100],"ix":3},"r":{"a":0,"k":0,"ix":6},"o":{"a":0,"k":100,"ix":7},"sk":{"a":0,"k":0,"ix":4},"sa":{"a":0,"k":0,"ix":5},"nm":"Transform"}],"nm":"Ellipse 1","np":4,"cix":2,"bm":0,"ix":1,"mn":"ADBE Vector Group","hd":false}],"ip":36,"op":636,"st":36,"bm":0},{"ddd":0,"ind":2,"ty":4,"nm":"Shape Layer 2","sr":1,"ks":{"o":{"a":0,"k":100,"ix":11},"r":{"a":0,"k":17,"ix":10},"p":{"a":0,"k":[248,262,0],"ix":2},"a":{"a":0,"k":[-2,12,0],"ix":1},"s":{"a":0,"k":[100,100,100],"ix":6}},"ao":0,"shapes":[{"ty":"gr","it":[{"d":1,"ty":"el","s":{"a":0,"k":[14,14],"ix":2},"p":{"a":1,"k":[{"i":{"x":0.667,"y":1},"o":{"x":0.167,"y":0.167},"t":14,"s":[0,37],"to":[0,0],"ti":[0,0]},{"i":{"x":0.143,"y":1},"o":{"x":0.333,"y":0},"t":32,"s":[0,33.235],"to":[0,0],"ti":[0,0]},{"i":{"x":0.833,"y":0.833},"o":{"x":0.922,"y":0.031},"t":53,"s":[0,176],"to":[0,0],"ti":[0,0]},{"t":79,"s":[0,18]}],"ix":3},"nm":"Ellipse Path 1","mn":"ADBE Vector Shape - Ellipse","hd":false},{"ty":"fl","c":{"a":0,"k":[0,0,0,1],"ix":4},"o":{"a":0,"k":100,"ix":5},"r":1,"bm":0,"nm":"Fill 1","mn":"ADBE Vector Graphic - Fill","hd":false},{"ty":"rp","c":{"a":0,"k":12,"ix":1},"o":{"a":0,"k":0,"ix":2},"m":1,"ix":4,"tr":{"ty":"tr","p":{"a":0,"k":[0,0],"ix":2},"a":{"a":0,"k":[0,0],"ix":1},"s":{"a":0,"k":[100,100],"ix":3},"r":{"a":0,"k":30,"ix":4},"so":{"a":0,"k":100,"ix":5},"eo":{"a":0,"k":100,"ix":6},"nm":"Transform"},"nm":"Repeater 1","mn":"ADBE Vector Filter - Repeater","hd":false},{"ty":"tr","p":{"a":0,"k":[0,8],"ix":2},"a":{"a":0,"k":[0,0],"ix":1},"s":{"a":0,"k":[100,100],"ix":3},"r":{"a":0,"k":0,"ix":6},"o":{"a":0,"k":100,"ix":7},"sk":{"a":0,"k":0,"ix":4},"sa":{"a":0,"k":0,"ix":5},"nm":"Transform"}],"nm":"Ellipse 1","np":4,"cix":2,"bm":0,"ix":1,"mn":"ADBE Vector Group","hd":false}],"ip":17,"op":617,"st":17,"bm":0},{"ddd":0,"ind":3,"ty":4,"nm":"Shape Layer 1","sr":1,"ks":{"o":{"a":0,"k":100,"ix":11},"r":{"a":0,"k":0,"ix":10},"p":{"a":0,"k":[206,224,0],"ix":2},"a":{"a":0,"k":[-44,-26,0],"ix":1},"s":{"a":0,"k":[100,100,100],"ix":6}},"ao":0,"shapes":[{"ty":"gr","it":[{"d":1,"ty":"el","s":{"a":0,"k":[14,14],"ix":2},"p":{"a":1,"k":[{"i":{"x":0.667,"y":1},"o":{"x":0.167,"y":0.167},"t":-3,"s":[0,37],"to":[0,0],"ti":[0,0]},{"i":{"x":0.143,"y":1},"o":{"x":0.333,"y":0},"t":15,"s":[0,33.235],"to":[0,0],"ti":[0,0]},{"i":{"x":0.833,"y":0.833},"o":{"x":0.922,"y":0.031},"t":36,"s":[0,176],"to":[0,0],"ti":[0,0]},{"t":62,"s":[0,18]}],"ix":3},"nm":"Ellipse Path 1","mn":"ADBE Vector Shape - Ellipse","hd":false},{"ty":"fl","c":{"a":0,"k":[0,0,0,1],"ix":4},"o":{"a":0,"k":100,"ix":5},"r":1,"bm":0,"nm":"Fill 1","mn":"ADBE Vector Graphic - Fill","hd":false},{"ty":"rp","c":{"a":0,"k":12,"ix":1},"o":{"a":0,"k":0,"ix":2},"m":1,"ix":4,"tr":{"ty":"tr","p":{"a":0,"k":[0,0],"ix":2},"a":{"a":0,"k":[0,0],"ix":1},"s":{"a":0,"k":[100,100],"ix":3},"r":{"a":0,"k":30,"ix":4},"so":{"a":0,"k":100,"ix":5},"eo":{"a":0,"k":100,"ix":6},"nm":"Transform"},"nm":"Repeater 1","mn":"ADBE Vector Filter - Repeater","hd":false},{"ty":"tr","p":{"a":0,"k":[0,8],"ix":2},"a":{"a":0,"k":[0,0],"ix":1},"s":{"a":0,"k":[100,100],"ix":3},"r":{"a":0,"k":0,"ix":6},"o":{"a":0,"k":100,"ix":7},"sk":{"a":0,"k":0,"ix":4},"sa":{"a":0,"k":0,"ix":5},"nm":"Transform"}],"nm":"Ellipse 1","np":4,"cix":2,"bm":0,"ix":1,"mn":"ADBE Vector Group","hd":false}],"ip":0,"op":600,"st":0,"bm":0}],"markers":[]}